[
    {
        "os":"ubuntu-latest",
        "platform":"linux",
        "target":"x86_64-unknown-linux-gnu",
        "architecture":"x64",
        "libc":"glibc",
        "runOn":"always"
    },
    {
        "os":"windows-latest",
        "platform":"windows",
        "target":"x86_64-pc-windows-msvc",
        "architecture":"x64",
        "runOn":"main,develop"
    },
    {
        "os":"macos-latest",
        "platform":"darwin",
        "target":"x86_64-apple-darwin",
        "architecture":"x64",
        "runOn":"main,develop"
    },
    {
        "os":"macos-latest",
        "platform":"darwin",
        "target":"aarch64-apple-darwin",
        "architecture":"arm64",
        "runOn":"main,develop"
    }
]